Full Name,Email,College
FELICIANO S. ALMAZORA,feliciano.almazora.jr@dlsu.edu.ph,Accountancy
MA. SINAMAR VENUS V. BAUTISTA,None,Accountancy
JULIAN C. ANTONIO,None,Accountancy
VAN JAPHETH M. ANCLA,None,Accountancy
WILFREDO A. BALTAZAR,wilfredo.baltazar@dlsu.edu.ph,Accountancy
FE VIOLETA G. BALURAN,fe.baluran@dlsu.edu.ph,Accountancy
MICHELLE A. ANG,michelle.ang@dlsu.edu.ph,Accountancy
NIMPHA M. AQUINO,nimpha.aquino@dlsu.edu.ph,Accountancy
MARIA BLESELDA B. BAUZON,maria.bauzon@dlsu.edu.ph,Accountancy
BERLIN B. BAUZON,None,Accountancy
JOHN BO S. CAYETANO,None,Accountancy
ROXANIE C. CALIXTO,roxanie.calixto@dlsu.edu.ph,Accountancy
MARK VINCENT B. BENDO,mark.vincent.bendo@dlsu.edu.ph,Accountancy
JONATHAN P. BINALUYO,jonathan.binaluyo@dlsu.edu.ph,Accountancy
SALLY A. CHUA,None,Accountancy
CARMELITA C. CLERIGO,maria.clerigo@dlsu.edu.ph,Accountancy
HEINDRITZ Y. CONCEPCION,None,Accountancy
JENNIFER ANNE MARIE D. CRUZ,jennifer.cruz@dlsu.edu.ph,Accountancy
GREGORIO L. III DE LIMA,gregorio.delima@dlsu.edu.ph,Accountancy
MICHAEL STEVE M. CRUZ,None,Accountancy
ELLERY D. DE LEON,ellery.deleon@dlsu.edu.ph,Accountancy
KENNETH MICHAEL A. DE CASTRO,kenneth.decastro@dlsu.edu.ph,Accountancy
CYNTHIA P. CUDIA,cynthia.cudia@dlsu.edu.ph,Accountancy
ABIGAEL S. DEMDAM,abigael.demdam@dlsu.edu.ph,Accountancy
POCHOLO C. DOMONDON,None,Accountancy
LENNY C. KAW,lenny.kaw@dlsu.edu.ph,Accountancy
AARON C. ESCARTIN,aaron.escartin@dlsu.edu.ph,Accountancy
ROMELYN C. ENDOZO,None,Accountancy
MARIA ROSELL S. GOMEZ,None,Accountancy
NIñO JOSE B. GONZALES,nino.gonzales@dlsu.edu.ph,Accountancy
ANSON D. KEH,anson.keh@dlsu.edu.ph,Accountancy
ERNIE M. II LAT,None,Accountancy
BRIAN T. LIM,brian.lim@dlsu.edu.ph,Accountancy
REGINALD L. LACO,None,Accountancy
JOY LYNN R. LEGASPI,joy.legaspi@dlsu.edu.ph,Accountancy
MELANIE C. LI,melanie.chua@dlsu.edu.ph,Accountancy
MARCK JOSEPH J. ESPIRITU,None,Accountancy
